type,year,title,url,format
FOMC Minutes,2020.0,PDF,https://www.federalreserve.gov/monetarypolicy/files/fomcminutes20200129.pdf,
FOMC Minutes,2020.0,HTML,https://www.federalreserve.gov/monetarypolicy/fomcminutes20200129.htm,
FOMC Minutes,2020.0,PDF,https://www.federalreserve.gov/monetarypolicy/files/fomcminutes20200315.pdf,
FOMC Minutes,2020.0,HTML,https://www.federalreserve.gov/monetarypolicy/fomcminutes20200315.htm,
FOMC Minutes,2020.0,PDF,https://www.federalreserve.gov/monetarypolicy/files/fomcminutes20200429.pdf,
FOMC Minutes,2020.0,HTML,https://www.federalreserve.gov/monetarypolicy/fomcminutes20200429.htm,
FOMC Minutes,2020.0,PDF,https://www.federalreserve.gov/monetarypolicy/files/fomcminutes20200610.pdf,
FOMC Minutes,2020.0,HTML,https://www.federalreserve.gov/monetarypolicy/fomcminutes20200610.htm,
FOMC Minutes,2020.0,PDF,https://www.federalreserve.gov/monetarypolicy/files/fomcminutes20200729.pdf,
FOMC Minutes,2020.0,HTML,https://www.federalreserve.gov/monetarypolicy/fomcminutes20200729.htm,
FOMC Minutes,2020.0,PDF,https://www.federalreserve.gov/monetarypolicy/files/fomcminutes20200916.pdf,
FOMC Minutes,2020.0,HTML,https://www.federalreserve.gov/monetarypolicy/fomcminutes20200916.htm,
FOMC Minutes,2020.0,PDF,https://www.federalreserve.gov/monetarypolicy/files/fomcminutes20201105.pdf,
FOMC Minutes,2020.0,HTML,https://www.federalreserve.gov/monetarypolicy/fomcminutes20201105.htm,
FOMC Minutes,2020.0,PDF,https://www.federalreserve.gov/monetarypolicy/files/fomcminutes20201216.pdf,
FOMC Minutes,2020.0,HTML,https://www.federalreserve.gov/monetarypolicy/fomcminutes20201216.htm,
FOMC Minutes,2021.0,PDF,https://www.federalreserve.gov/monetarypolicy/files/fomcminutes20210127.pdf,
FOMC Minutes,2021.0,HTML,https://www.federalreserve.gov/monetarypolicy/fomcminutes20210127.htm,
FOMC Minutes,2021.0,PDF,https://www.federalreserve.gov/monetarypolicy/files/fomcminutes20210317.pdf,
FOMC Minutes,2021.0,HTML,https://www.federalreserve.gov/monetarypolicy/fomcminutes20210317.htm,
FOMC Minutes,2021.0,PDF,https://www.federalreserve.gov/monetarypolicy/files/fomcminutes20210428.pdf,
FOMC Minutes,2021.0,HTML,https://www.federalreserve.gov/monetarypolicy/fomcminutes20210428.htm,
FOMC Minutes,2021.0,PDF,https://www.federalreserve.gov/monetarypolicy/files/fomcminutes20210616.pdf,
FOMC Minutes,2021.0,HTML,https://www.federalreserve.gov/monetarypolicy/fomcminutes20210616.htm,
FOMC Minutes,2021.0,PDF,https://www.federalreserve.gov/monetarypolicy/files/fomcminutes20210728.pdf,
FOMC Minutes,2021.0,HTML,https://www.federalreserve.gov/monetarypolicy/fomcminutes20210728.htm,
FOMC Minutes,2021.0,PDF,https://www.federalreserve.gov/monetarypolicy/files/fomcminutes20210922.pdf,
FOMC Minutes,2021.0,HTML,https://www.federalreserve.gov/monetarypolicy/fomcminutes20210922.htm,
FOMC Minutes,2021.0,PDF,https://www.federalreserve.gov/monetarypolicy/files/fomcminutes20211103.pdf,
FOMC Minutes,2021.0,HTML,https://www.federalreserve.gov/monetarypolicy/fomcminutes20211103.htm,
FOMC Minutes,2021.0,PDF,https://www.federalreserve.gov/monetarypolicy/files/fomcminutes20211215.pdf,
FOMC Minutes,2021.0,HTML,https://www.federalreserve.gov/monetarypolicy/fomcminutes20211215.htm,
FOMC Minutes,2022.0,PDF,https://www.federalreserve.gov/monetarypolicy/files/fomcminutes20220126.pdf,
FOMC Minutes,2022.0,HTML,https://www.federalreserve.gov/monetarypolicy/fomcminutes20220126.htm,
FOMC Minutes,2022.0,PDF,https://www.federalreserve.gov/monetarypolicy/files/fomcminutes20220316.pdf,
FOMC Minutes,2022.0,HTML,https://www.federalreserve.gov/monetarypolicy/fomcminutes20220316.htm,
FOMC Minutes,2022.0,PDF,https://www.federalreserve.gov/monetarypolicy/files/fomcminutes20220504.pdf,
FOMC Minutes,2022.0,HTML,https://www.federalreserve.gov/monetarypolicy/fomcminutes20220504.htm,
FOMC Minutes,2022.0,PDF,https://www.federalreserve.gov/monetarypolicy/files/fomcminutes20220615.pdf,
FOMC Minutes,2022.0,HTML,https://www.federalreserve.gov/monetarypolicy/fomcminutes20220615.htm,
FOMC Minutes,2022.0,PDF,https://www.federalreserve.gov/monetarypolicy/files/fomcminutes20220727.pdf,
FOMC Minutes,2022.0,HTML,https://www.federalreserve.gov/monetarypolicy/fomcminutes20220727.htm,
FOMC Minutes,2022.0,PDF,https://www.federalreserve.gov/monetarypolicy/files/fomcminutes20220921.pdf,
FOMC Minutes,2022.0,HTML,https://www.federalreserve.gov/monetarypolicy/fomcminutes20220921.htm,
FOMC Minutes,2022.0,PDF,https://www.federalreserve.gov/monetarypolicy/files/fomcminutes20221102.pdf,
FOMC Minutes,2022.0,HTML,https://www.federalreserve.gov/monetarypolicy/fomcminutes20221102.htm,
FOMC Minutes,2022.0,PDF,https://www.federalreserve.gov/monetarypolicy/files/fomcminutes20221214.pdf,
FOMC Minutes,2022.0,HTML,https://www.federalreserve.gov/monetarypolicy/fomcminutes20221214.htm,
FOMC Minutes,2023.0,PDF,https://www.federalreserve.gov/monetarypolicy/files/fomcminutes20230201.pdf,
FOMC Minutes,2023.0,HTML,https://www.federalreserve.gov/monetarypolicy/fomcminutes20230201.htm,
FOMC Minutes,2023.0,PDF,https://www.federalreserve.gov/monetarypolicy/files/fomcminutes20230322.pdf,
FOMC Minutes,2023.0,HTML,https://www.federalreserve.gov/monetarypolicy/fomcminutes20230322.htm,
FOMC Minutes,2023.0,PDF,https://www.federalreserve.gov/monetarypolicy/files/fomcminutes20230503.pdf,
FOMC Minutes,2023.0,HTML,https://www.federalreserve.gov/monetarypolicy/fomcminutes20230503.htm,
FOMC Minutes,2023.0,PDF,https://www.federalreserve.gov/monetarypolicy/files/fomcminutes20230614.pdf,
FOMC Minutes,2023.0,HTML,https://www.federalreserve.gov/monetarypolicy/fomcminutes20230614.htm,
FOMC Minutes,2023.0,PDF,https://www.federalreserve.gov/monetarypolicy/files/fomcminutes20230726.pdf,
FOMC Minutes,2023.0,HTML,https://www.federalreserve.gov/monetarypolicy/fomcminutes20230726.htm,
FOMC Minutes,2023.0,PDF,https://www.federalreserve.gov/monetarypolicy/files/fomcminutes20230920.pdf,
FOMC Minutes,2023.0,HTML,https://www.federalreserve.gov/monetarypolicy/fomcminutes20230920.htm,
FOMC Minutes,2023.0,PDF,https://www.federalreserve.gov/monetarypolicy/files/fomcminutes20231101.pdf,
FOMC Minutes,2023.0,HTML,https://www.federalreserve.gov/monetarypolicy/fomcminutes20231101.htm,
FOMC Minutes,2023.0,PDF,https://www.federalreserve.gov/monetarypolicy/files/fomcminutes20231213.pdf,
FOMC Minutes,2023.0,HTML,https://www.federalreserve.gov/monetarypolicy/fomcminutes20231213.htm,
FOMC Minutes,2024.0,PDF,https://www.federalreserve.gov/monetarypolicy/files/fomcminutes20240131.pdf,
FOMC Minutes,2024.0,HTML,https://www.federalreserve.gov/monetarypolicy/fomcminutes20240131.htm,
FOMC Minutes,2024.0,PDF,https://www.federalreserve.gov/monetarypolicy/files/fomcminutes20240320.pdf,
FOMC Minutes,2024.0,HTML,https://www.federalreserve.gov/monetarypolicy/fomcminutes20240320.htm,
FOMC Minutes,2024.0,PDF,https://www.federalreserve.gov/monetarypolicy/files/fomcminutes20240501.pdf,
FOMC Minutes,2024.0,HTML,https://www.federalreserve.gov/monetarypolicy/fomcminutes20240501.htm,
FOMC Minutes,2024.0,PDF,https://www.federalreserve.gov/monetarypolicy/files/fomcminutes20240612.pdf,
FOMC Minutes,2024.0,HTML,https://www.federalreserve.gov/monetarypolicy/fomcminutes20240612.htm,
FOMC Minutes,2024.0,PDF,https://www.federalreserve.gov/monetarypolicy/files/fomcminutes20240731.pdf,
FOMC Minutes,2024.0,HTML,https://www.federalreserve.gov/monetarypolicy/fomcminutes20240731.htm,
FOMC Minutes,2024.0,PDF,https://www.federalreserve.gov/monetarypolicy/files/fomcminutes20240918.pdf,
FOMC Minutes,2024.0,HTML,https://www.federalreserve.gov/monetarypolicy/fomcminutes20240918.htm,
FOMC Minutes,2024.0,PDF,https://www.federalreserve.gov/monetarypolicy/files/fomcminutes20241107.pdf,
FOMC Minutes,2024.0,HTML,https://www.federalreserve.gov/monetarypolicy/fomcminutes20241107.htm,
FOMC Minutes,2024.0,PDF,https://www.federalreserve.gov/monetarypolicy/files/fomcminutes20241218.pdf,
FOMC Minutes,2024.0,HTML,https://www.federalreserve.gov/monetarypolicy/fomcminutes20241218.htm,
Speech/Testimony,2024.0,2024,https://www.federalreserve.gov/newsevents/speech/2024-speeches.htm,
Speech/Testimony,2023.0,2023,https://www.federalreserve.gov/newsevents/speech/2023-speeches.htm,
Speech/Testimony,2022.0,2022,https://www.federalreserve.gov/newsevents/speech/2022-speeches.htm,
Speech/Testimony,2021.0,2021,https://www.federalreserve.gov/newsevents/speech/2021-speeches.htm,
Speech/Testimony,2020.0,2020,https://www.federalreserve.gov/newsevents/speech/2020-speeches.htm,
Monetary Policy Report,,PDF,https://www.federalreserve.gov/publications/files/20250207_mprfullreport.pdf,PDF
Monetary Policy Report,,PDF,https://www.federalreserve.gov/monetarypolicy/files/20250620_mprfullreport.pdf,PDF
Monetary Policy Report,,PDF,https://www.federalreserve.gov/publications/files/20240301_mprfullreport.pdf,PDF
Monetary Policy Report,,PDF,https://www.federalreserve.gov/monetarypolicy/files/20240705_mprfullreport.pdf,PDF
Monetary Policy Report,,PDF,https://www.federalreserve.gov/monetarypolicy/files/20230303_mprfullreport.pdf,PDF
Monetary Policy Report,,PDF,https://www.federalreserve.gov/monetarypolicy/files/20230616_mprfullreport.pdf,PDF
Monetary Policy Report,,PDF,https://www.federalreserve.gov/monetarypolicy/files/20220225_mprfullreport.pdf,PDF
Monetary Policy Report,,PDF,https://www.federalreserve.gov/monetarypolicy/files/20220617_mprfullreport.pdf,PDF
Monetary Policy Report,,PDF,https://www.federalreserve.gov/monetarypolicy/files/20210219_mprfullreport.pdf,PDF
Monetary Policy Report,,PDF,https://www.federalreserve.gov/monetarypolicy/files/20210709_mprfullreport.pdf,PDF
Monetary Policy Report,,PDF,https://www.federalreserve.gov/monetarypolicy/files/20200207_mprfullreport.pdf,PDF
Monetary Policy Report,,PDF,https://www.federalreserve.gov/monetarypolicy/files/20200612_mprfullreport.pdf,PDF
Monetary Policy Report,,PDF,https://www.federalreserve.gov/monetarypolicy/files/20190222_mprfullreport.pdf,PDF
Monetary Policy Report,,PDF,https://www.federalreserve.gov/monetarypolicy/files/20190705_mprfullreport.pdf,PDF
Monetary Policy Report,,PDF,https://www.federalreserve.gov/monetarypolicy/files/20180223_mprfullreport.pdf,PDF
Monetary Policy Report,,PDF,https://www.federalreserve.gov/monetarypolicy/files/20180713_mprfullreport.pdf,PDF
Monetary Policy Report,,PDF,https://www.federalreserve.gov/monetarypolicy/files/20170214_mprfullreport.pdf,PDF
Monetary Policy Report,,PDF,https://www.federalreserve.gov/monetarypolicy/files/20170707_mprfullreport.pdf,PDF
Monetary Policy Report,,PDF,https://www.federalreserve.gov/monetarypolicy/files/20160210_mprfullreport.pdf,PDF
Monetary Policy Report,,PDF,https://www.federalreserve.gov/monetarypolicy/files/20160621_mprfullreport.pdf,PDF
Monetary Policy Report,,PDF,https://www.federalreserve.gov/monetarypolicy/files/20150224_mprfullreport.pdf,PDF
Monetary Policy Report,,PDF,https://www.federalreserve.gov/monetarypolicy/files/20150715_mprfullreport.pdf,PDF
Monetary Policy Report,,PDF,https://www.federalreserve.gov/monetarypolicy/files/20140211_mprfullreport.pdf,PDF
Monetary Policy Report,,PDF,https://www.federalreserve.gov/monetarypolicy/files/20140715_mprfullreport.pdf,PDF
Monetary Policy Report,,PDF,https://www.federalreserve.gov/monetarypolicy/files/20130226_mprfullreport.pdf,PDF
Monetary Policy Report,,PDF,https://www.federalreserve.gov/monetarypolicy/files/20130717_mprfullreport.pdf,PDF
Monetary Policy Report,,PDF,https://www.federalreserve.gov/monetarypolicy/files/20120229_mprfullreport.pdf,PDF
Monetary Policy Report,,PDF,https://www.federalreserve.gov/monetarypolicy/files/20120717_mprfullreport.pdf,PDF
Monetary Policy Report,,PDF,https://www.federalreserve.gov/monetarypolicy/files/20110301_mprfullreport.pdf,PDF
Monetary Policy Report,,PDF,https://www.federalreserve.gov/monetarypolicy/files/20110713_mprfullreport.pdf,PDF
Monetary Policy Report,,PDF,https://www.federalreserve.gov/monetarypolicy/files/20100224_mprfullreport.pdf,PDF
Monetary Policy Report,,PDF,https://www.federalreserve.gov/monetarypolicy/files/20100721_mprfullreport.pdf,PDF
Monetary Policy Report,,PDF,https://www.federalreserve.gov/monetarypolicy/files/20090224_mprfullreport.pdf,PDF
Monetary Policy Report,,PDF,https://www.federalreserve.gov/monetarypolicy/files/20090721_mprfullreport.pdf,PDF
Monetary Policy Report,,PDF,https://www.federalreserve.gov/monetarypolicy/files/20080227_mprfullreport.pdf,PDF
Monetary Policy Report,,PDF,https://www.federalreserve.gov/monetarypolicy/files/20080715_mprfullreport.pdf,PDF
Monetary Policy Report,,PDF,https://www.federalreserve.gov/monetarypolicy/files/20070214_mprfullreport.pdf,PDF
Monetary Policy Report,,PDF,https://www.federalreserve.gov/monetarypolicy/files/20070718_mprfullreport.pdf,PDF
Monetary Policy Report,,PDF,https://www.federalreserve.gov/boarddocs/hh/2006/february/fullreport.pdf,PDF
Monetary Policy Report,,PDF,https://www.federalreserve.gov/boarddocs/hh/2006/july/fullreport.pdf,PDF
Monetary Policy Report,,PDF,https://www.federalreserve.gov/boarddocs/hh/2005/february/fullreport.pdf,PDF
Monetary Policy Report,,PDF,https://www.federalreserve.gov/boarddocs/hh/2005/july/fullreport.pdf,PDF
Monetary Policy Report,,PDF,https://www.federalreserve.gov/boarddocs/hh/2004/february/fullreport.pdf,PDF
Monetary Policy Report,,PDF,https://www.federalreserve.gov/boarddocs/hh/2004/july/fullreport.pdf,PDF
Monetary Policy Report,,PDF,https://www.federalreserve.gov/boarddocs/hh/2003/February/FullReport.pdf,PDF
Monetary Policy Report,,PDF,https://www.federalreserve.gov/boarddocs/hh/2003/july/FullReport.pdf,PDF
Monetary Policy Report,,PDF,https://www.federalreserve.gov/boarddocs/hh/2002/February/FullReport.pdf,PDF
Monetary Policy Report,,PDF,https://www.federalreserve.gov/boarddocs/hh/2002/july/FullReport.pdf,PDF
Monetary Policy Report,,PDF,https://www.federalreserve.gov/boarddocs/hh/2001/February/FullReport.pdf,PDF
Monetary Policy Report,,PDF,https://www.federalreserve.gov/boarddocs/hh/2001/july/FullReport.pdf,PDF
Monetary Policy Report,,PDF,https://www.federalreserve.gov/boarddocs/hh/2000/February/FullReport.pdf,PDF
Monetary Policy Report,,PDF,https://www.federalreserve.gov/boarddocs/hh/2000/July/FullReport.pdf,PDF
Monetary Policy Report,,PDF,https://www.federalreserve.gov/boarddocs/hh/1999/february/FullReport.pdf,PDF
Monetary Policy Report,,PDF,https://www.federalreserve.gov/boarddocs/hh/1999/July/FullReport.pdf,PDF
Monetary Policy Report,,PDF,https://www.federalreserve.gov/boarddocs/hh/1998/february/FullReport.pdf,PDF
Monetary Policy Report,,PDF,https://www.federalreserve.gov/boarddocs/hh/1998/july/FullReport.pdf,PDF
Monetary Policy Report,,PDF,https://www.federalreserve.gov/boarddocs/hh/1997/february/FullReport.pdf,PDF
Monetary Policy Report,,PDF,https://www.federalreserve.gov/boarddocs/hh/1997/july/FullReport.pdf,PDF
Monetary Policy Report,,PDF,https://www.federalreserve.gov/boarddocs/hh/1996/july/FullReport.pdf,PDF
Financial Stability Report,,PDF,https://www.federalreserve.gov/publications/files/financial-stability-report-20250425.pdf,PDF
Financial Stability Report,,PDF,https://www.federalreserve.gov/publications/files/financial-stability-report-20241122.pdf,PDF
Financial Stability Report,,PDF,https://www.federalreserve.gov/publications/files/financial-stability-report-20240419.pdf,PDF
Financial Stability Report,,PDF,https://www.federalreserve.gov/publications/files/financial-stability-report-20231020.pdf,PDF
Financial Stability Report,,PDF,https://www.federalreserve.gov/publications/files/financial-stability-report-20230508.pdf,PDF
Financial Stability Report,,PDF,https://www.federalreserve.gov/publications/files/financial-stability-report-20221104.pdf,PDF
Financial Stability Report,,PDF,https://www.federalreserve.gov/publications/files/financial-stability-report-20220509.pdf,PDF
Financial Stability Report,,PDF,https://www.federalreserve.gov/publications/files/financial-stability-report-20211108.pdf,PDF
Financial Stability Report,,PDF,https://www.federalreserve.gov/publications/files/financial-stability-report-20210506.pdf,PDF
Financial Stability Report,,PDF,https://www.federalreserve.gov/publications/files/financial-stability-report-20201109.pdf,PDF
Financial Stability Report,,PDF,https://www.federalreserve.gov/publications/files/financial-stability-report-20200515.pdf,PDF
Financial Stability Report,,PDF,https://www.federalreserve.gov/publications/files/financial-stability-report-20191115.pdf,PDF
Financial Stability Report,,PDF,https://www.federalreserve.gov/publications/files/financial-stability-report-201905.pdf,PDF
Financial Stability Report,,PDF,https://www.federalreserve.gov/publications/files/financial-stability-report-201811.pdf,PDF
Beige Book,,PDF,https://www.federalreserve.gov/monetarypolicy/files/BeigeBook_20250115.pdf,PDF
Beige Book,,PDF,https://www.federalreserve.gov/monetarypolicy/files/BeigeBook_20250305.pdf,PDF
Beige Book,,PDF,https://www.federalreserve.gov/monetarypolicy/files/BeigeBook_20250423.pdf,PDF
Beige Book,,PDF,https://www.federalreserve.gov/monetarypolicy/files/BeigeBook_20250604.pdf,PDF
Beige Book,,PDF,https://www.federalreserve.gov/monetarypolicy/files/BeigeBook_20250716.pdf,PDF
Beige Book,,PDF,https://www.federalreserve.gov/monetarypolicy/files/BeigeBook_20250903.pdf,PDF
